gender,name.title,name.first,name.last,location.street,location.city,location.state,location.postcode,email,login.username,login.password,login.salt,login.md5,login.sha1,login.sha256,dob,registered,phone,cell,id.name,id.value,picture.large,picture.medium,picture.thumbnail,nat
male,mr,ben,fuchs,6550 waldstraße,kusel,sachsen,25635,ben.fuchs@example.com,greenduck776,denali,Gy7jF8ek,03f51edfccff70c70b713000cced075b,30085cb857a451e178371005035fcb7a98717d9d,03c6e0c83cef477bcd53cbda0e2347e8d0dde977d6725d995009cf42b3c82d41,1963-04-25 01:06:31,2009-11-13 06:20:49,0250-6685216,0177-9822548,,,https://randomuser.me/api/portraits/men/60.jpg,https://randomuser.me/api/portraits/med/men/60.jpg,https://randomuser.me/api/portraits/thumb/men/60.jpg,DE
male,mr,andrew,scott,1186 washington ave,surprise,michigan,75803,andrew.scott@example.com,bluedog648,catalina,LaR8Cldx,2cef8fd67a147810522387969c21c355,864fb0d3bc050acdacd9d2158e3af789e4a690bf,c9df54f6b823a2104e82de6f78b2fa649dfbfed649e071a6f2f97841ca7e8892,1987-04-09 20:53:58,2006-08-15 13:40:50,(493)-893-3753,(418)-783-1709,SSN,220-56-5681,https://randomuser.me/api/portraits/men/91.jpg,https://randomuser.me/api/portraits/med/men/91.jpg,https://randomuser.me/api/portraits/thumb/men/91.jpg,US
male,mr,eli,parker,2345 green rd,anna,oklahoma,72102,eli.parker@example.com,tinywolf712,strife,MFInuyvY,7d405e4191cf5a34c9c5b6e3d1e5161e,a1cea742900958347692620501cc04c58acbdde9,6e125fdcbd4ac311902cebb38ea7e67d5086f66cba8951dec6a70dcef31106a3,1969-06-24 02:16:16,2014-07-17 09:33:12,(247)-136-0322,(013)-682-5030,SSN,171-23-1843,https://randomuser.me/api/portraits/men/63.jpg,https://randomuser.me/api/portraits/med/men/63.jpg,https://randomuser.me/api/portraits/thumb/men/63.jpg,US
male,mr,landon,murphy,3571 preston rd,waco,new jersey,70054,landon.murphy@example.com,browndog477,fishfish,R9hn9ZlI,05ab060483dcded112c69c5c8c5a1a4d,8e93f4743b5340af0cf16c923556989cca2f3364,b075ec0e917dd4dfa0cfc988a6e6fdbae65167256021d7b4805c0ecb742054b9,1982-06-11 23:03:22,2010-01-12 05:39:57,(304)-031-9548,(067)-212-2243,SSN,847-88-6711,https://randomuser.me/api/portraits/men/59.jpg,https://randomuser.me/api/portraits/med/men/59.jpg,https://randomuser.me/api/portraits/thumb/men/59.jpg,US
female,ms,elise,behrens,4437 goethestraße,grafschaft bentheim,bayern,28202,elise.behrens@example.com,orangeleopard198,ariana,BtERNm9F,c06ea66b12854c0ae52b1712a3a30b3f,ee937fc61d58da95b307eb74a5504dc91e8878ea,2c38b4bd38a5675ecca2ac2fc7f0f0f1f8a2da0a0a7c78feddbdbcb98bba29ae,1979-12-28 07:47:48,2007-04-03 00:36:07,0976-4937764,0174-5620193,,,https://randomuser.me/api/portraits/women/29.jpg,https://randomuser.me/api/portraits/med/women/29.jpg,https://randomuser.me/api/portraits/thumb/women/29.jpg,DE
female,ms,rhonda,chavez,7578 w sherman dr,van alstyne,maine,67536,rhonda.chavez@example.com,heavypanda729,medusa,DjOfZQgu,5165ccdf1b10170bcff0f0bedb625aaa,24d3c6b66808562cf3b6754d57460234ee33fe6b,65aef2ee2bd4f6aae452e9c67a2832016206ee060cba7eb6c9b3f27a4017c925,1951-06-12 05:48:18,2007-02-16 06:46:28,(316)-720-5060,(818)-988-3182,SSN,546-87-5224,https://randomuser.me/api/portraits/women/83.jpg,https://randomuser.me/api/portraits/med/women/83.jpg,https://randomuser.me/api/portraits/thumb/women/83.jpg,US
female,ms,sophia,white,9748 stanley road,city of london,county londonderry,Q9M 2NW,sophia.white@example.com,yellowelephant931,patriot,FFPUa8Y3,e214b0f751bd608cde6b380d1d3196c9,171cb52c33b39f63568e683e096ebc2efec8ba1c,9a43050e6c9f24fe4c539b29bf181555771247543eee428975c1a194a7520ac8,1955-09-22 14:35:46,2014-09-10 10:15:23,01116 545510,0756-326-624,NINO,HJ 42 52 73 F,https://randomuser.me/api/portraits/women/85.jpg,https://randomuser.me/api/portraits/med/women/85.jpg,https://randomuser.me/api/portraits/thumb/women/85.jpg,GB
female,mrs,maureen,jimenez,2410 hunters creek dr,irvine,oregon,61345,maureen.jimenez@example.com,lazyelephant270,kentucky,zxR91paE,b20360b19e3098015982f9a25d9c2cff,e444637a4426bb2745f79901a2598301323fed60,5ebb1f1aea38fc2fe25ed262a5bc730576a31d3b788b6111ddfc2479145ff63d,1946-02-23 13:14:25,2011-02-02 13:31:36,(869)-722-0723,(013)-687-3900,SSN,202-32-4453,https://randomuser.me/api/portraits/women/84.jpg,https://randomuser.me/api/portraits/med/women/84.jpg,https://randomuser.me/api/portraits/thumb/women/84.jpg,US
female,mrs,leonie,pohl,1276 erlenweg,landau i.d. pfalz,sachsen,81541,leonie.pohl@example.com,bigwolf271,1007,zLdcVEIJ,af55a5efa4ae63292fa540962586f53b,d851e4f42a10b2bdb3ba84a88934f5dc5ebdcaac,8195d7d642ece8fcbbd642c05e5ae7ece256dc8e0b09748347840bbef6b7c762,1957-03-17 03:15:00,2015-04-17 20:05:54,0573-1682753,0177-4644906,,,https://randomuser.me/api/portraits/women/64.jpg,https://randomuser.me/api/portraits/med/women/64.jpg,https://randomuser.me/api/portraits/thumb/women/64.jpg,DE
male,mr,jano,bauer,2838 kapellenweg,pirmasens,bremen,55100,jano.bauer@example.com,organicgorilla282,krypton,49whUT4W,907b34d7b96a58ff71bf3b856c04e98e,56c77786308599c5ab5e61ba662b30ff5c036ab1,e01c11b995f84378dee0e662551684d2e62994a54d200974c7cc02df98933ac9,1956-02-17 22:08:01,2011-01-02 18:00:32,0763-7784327,0174-1072658,,,https://randomuser.me/api/portraits/men/83.jpg,https://randomuser.me/api/portraits/med/men/83.jpg,https://randomuser.me/api/portraits/thumb/men/83.jpg,DE
male,mr,ramon,day,4186 groveland terrace,farmers branch,arkansas,90473,ramon.day@example.com,brownladybug577,system,w0PJa3b1,84d1914177059edde53d99221df4b899,aa6f8c7911dbeca7ee907f901e628cc659e29526,dc17e6abdda33c73735c1320157bdae4eb1c051ea62f50f79e4f64d5c30013a5,1949-04-09 16:28:58,2013-07-12 22:32:20,(202)-452-5369,(055)-877-1476,SSN,915-59-3857,https://randomuser.me/api/portraits/men/62.jpg,https://randomuser.me/api/portraits/med/men/62.jpg,https://randomuser.me/api/portraits/thumb/men/62.jpg,US
male,mr,otto,held,5651 uhlandstraße,breisgau-hochschwarzwald,mecklenburg-vorpommern,56494,otto.held@example.com,whitemeercat922,baron,ibmV7xEa,7a59ffbe3517cfb656afbcf4d10966a2,f3b9eb2f2c53eb92d75004cee8130ba7b3317966,02a4e4d1dc9d97bea9e209dd1f2c9b3dd6ca53b39719fc30b4ecccee4ca51f26,1981-11-24 07:11:37,2016-06-11 18:38:39,0213-2458885,0174-8913472,,,https://randomuser.me/api/portraits/men/73.jpg,https://randomuser.me/api/portraits/med/men/73.jpg,https://randomuser.me/api/portraits/thumb/men/73.jpg,DE
male,mr,craig,green,5933 crockett st,bridgeport,florida,85729,craig.green@example.com,silverbird423,passthie,A6MheOxf,803184d549f52a04ee6fb3d17a3a4723,abbadb10eb7d319ecaa47c3b6e18b4489daf7909,c4c5a165b6a239d4ce4a1f9bd744eb5118e4b4cdc0fdb4ac0a97e31a9152bbfc,1977-11-11 10:09:25,2005-06-03 00:23:40,(386)-328-1176,(359)-706-1518,SSN,523-50-6737,https://randomuser.me/api/portraits/men/51.jpg,https://randomuser.me/api/portraits/med/men/51.jpg,https://randomuser.me/api/portraits/thumb/men/51.jpg,US
female,ms,kristin,kuhn,7602 am sportplatz,dithmarschen,berlin,55685,kristin.kuhn@example.com,greenduck896,buck,GEbRkdRs,baaaf621e51d8f2ff5ff878f01d44773,bcc47d24820838509037fdf94c95d93de053bcae,8b32de1bf9b834152a6ade402d77ca525c7a2a202bba67c21b77282dd4e8badf,1962-10-26 02:58:51,2011-01-06 07:16:27,0735-2950267,0170-7643902,,,https://randomuser.me/api/portraits/women/51.jpg,https://randomuser.me/api/portraits/med/women/51.jpg,https://randomuser.me/api/portraits/thumb/women/51.jpg,DE
female,miss,kylie,richards,9629 mcclellan rd,mesquite,minnesota,24026,kylie.richards@example.com,biglion111,came11,lPY3ED9K,9bf70bc78b974f1300fcd1130659903d,57731d5c71e09e390def7d7309943b87f99f7ea0,e2aa70ca1695f44876d8de98f54afac19b712da4db4fc3b911b759993b0c0e34,1974-08-19 12:17:37,2013-11-08 08:28:04,(956)-696-0320,(971)-912-0588,SSN,847-11-6959,https://randomuser.me/api/portraits/women/11.jpg,https://randomuser.me/api/portraits/med/women/11.jpg,https://randomuser.me/api/portraits/thumb/women/11.jpg,US
female,ms,avery,bowman,5327 fincher rd,jersey city,illinois,36079,avery.bowman@example.com,ticklishpanda815,briana,7wAdcikm,54137e53781100d3b75605013f738e79,5486fa75d0f5d0e533aea4a255f5ea04f4541008,1521566c9f5c59fd5a432ccf84047d81b89234691e1242b6d9e7047b5f06578c,1947-04-08 16:40:10,2011-06-19 12:49:04,(437)-114-3992,(397)-832-1771,SSN,493-65-4300,https://randomuser.me/api/portraits/women/12.jpg,https://randomuser.me/api/portraits/med/women/12.jpg,https://randomuser.me/api/portraits/thumb/women/12.jpg,US
male,mr,liam,frey,1478 ahornweg,osnabrück,berlin,85356,liam.frey@example.com,blackgorilla711,cypress,nNB4EbmT,fd3c579a74a26da0747b5e17a017af02,35e76fdf7c36168ac099c932e938aec2fa9d3c9b,7ec4e950749da36c95fef5a8dc67fc666fb72b17134f03ea517405a97e874730,1952-04-28 06:29:42,2014-03-22 00:08:09,0385-9470048,0172-0201008,,,https://randomuser.me/api/portraits/men/32.jpg,https://randomuser.me/api/portraits/med/men/32.jpg,https://randomuser.me/api/portraits/thumb/men/32.jpg,DE
male,mr,caleb,holland,7522 london road,chester,lancashire,X0W 9TB,caleb.holland@example.com,yellowgorilla846,zenith,jSGYfe1X,f2382eed6182164be5bfda5c47ef7e0c,c46a96132aedfab511b37dd6c34930d44d216a4f,4f331af7991da9b971af59600438978f9f4ac2c8eefab33a3fd1d7b7e529b7c2,1983-09-06 02:45:43,2011-05-27 08:31:19,01403 07217,0768-794-029,NINO,OC 40 28 05 N,https://randomuser.me/api/portraits/men/59.jpg,https://randomuser.me/api/portraits/med/men/59.jpg,https://randomuser.me/api/portraits/thumb/men/59.jpg,GB
male,mr,adam,owens,8191 edwards rd,kansas city,hawaii,28096,adam.owens@example.com,orangefrog483,stupid,7OcIiPah,8df3731a95d106e4f51544c2a31167e2,0a6394e5dbad07866f11bce5f603f736f53c0e8c,b2c3eb30a914b108840d43ba1f275bdd86afd801d760dfe55734723ca585e053,1959-08-25 13:55:03,2012-07-18 13:37:58,(780)-554-8467,(417)-688-3341,SSN,089-15-2422,https://randomuser.me/api/portraits/men/31.jpg,https://randomuser.me/api/portraits/med/men/31.jpg,https://randomuser.me/api/portraits/thumb/men/31.jpg,US
male,mr,theodore,ward,2155 poplar dr,vallejo,georgia,71903,theodore.ward@example.com,beautifulladybug987,camper,gOcjdZzD,3d730a3498ccc266374b5b38ffc87048,6008a1d5cbb994a6f15cda04044e77244b67af36,dced3fe2a4b591fb849c5e3574657b7a7636286e0aa3e7c284d0903ec3b70c32,1958-06-10 00:48:23,2002-11-19 06:30:20,(440)-509-5655,(664)-003-3911,SSN,515-56-1887,https://randomuser.me/api/portraits/men/33.jpg,https://randomuser.me/api/portraits/med/men/33.jpg,https://randomuser.me/api/portraits/thumb/men/33.jpg,US
female,ms,gabriella,nichols,2287 e center st,westminster,alabama,73427,gabriella.nichols@example.com,whitepanda958,thedog,cTAQ9UI7,46910693e46cb8585a8e9edde0b97f15,74fa02a23d911b8a53b217ae53d69746fd413e4a,915395ae2459c7d4b01562c11e9ade2d65d873e3eea4c8e1144c4f883b96afeb,1965-11-25 16:02:22,2012-05-02 16:00:30,(141)-531-5183,(030)-231-5991,SSN,702-56-6274,https://randomuser.me/api/portraits/women/26.jpg,https://randomuser.me/api/portraits/med/women/26.jpg,https://randomuser.me/api/portraits/thumb/women/26.jpg,US
male,mr,charlie,peter,3596 lerchenweg,calw,nordrhein-westfalen,26174,charlie.peter@example.com,purplesnake751,shuttle,3r9oOVKt,3e532c43985f37ab2e3a01b1c6585ec4,58236077e2c04c21577d75a94130e590d3b8e662,7b2317a11148ebd1ca62f899811f54351d330deadd4b8ccd988848930b3dc805,1956-03-26 09:17:57,2011-12-08 01:46:21,0000-6295004,0171-2351008,,,https://randomuser.me/api/portraits/men/83.jpg,https://randomuser.me/api/portraits/med/men/83.jpg,https://randomuser.me/api/portraits/thumb/men/83.jpg,DE
male,mr,willie,spencer,9366 smokey ln,birmingham,utah,51963,willie.spencer@example.com,blackelephant263,qazqaz,Cp9GKkF2,90f91a82b1d42e821a06a831171d8d43,04102f62202447b171ad639c6fe01991e180e65a,e222a4ec97732b686717d73651b63db7d71d7523c0e6652fe400d3ec08b52d50,1949-10-27 14:51:00,2014-10-03 01:34:40,(115)-803-5952,(045)-658-5095,SSN,855-52-0147,https://randomuser.me/api/portraits/men/38.jpg,https://randomuser.me/api/portraits/med/men/38.jpg,https://randomuser.me/api/portraits/thumb/men/38.jpg,US
female,miss,jenny,rivera,1709 grove road,chester,hertfordshire,H31 3HD,jenny.rivera@example.com,greenrabbit973,dutch,7yNTCv9E,cf363566fc3ca7e7d00f5e0eda8d823b,b8288fecb6b797a8bebeb08400e0991c336be13d,1cc136b47d5a97de6ff11d33682711aabf856620310d05d8d08375f8f6bc9525,1945-04-06 12:09:02,2005-11-30 16:00:20,016974 24728,0786-364-771,NINO,HG 86 03 56 X,https://randomuser.me/api/portraits/women/51.jpg,https://randomuser.me/api/portraits/med/women/51.jpg,https://randomuser.me/api/portraits/thumb/women/51.jpg,GB
male,mr,marion,white,3789 rolling green rd,surrey,alabama,94894,marion.white@example.com,beautifulcat483,xiong,hdYxIDJz,9772844f804effb1236e414a80918c51,8c50a6ff5d3f5795b8fca40062f2b5e656c69579,de4ec146492bd9997896b283436ed2e7613d577e9dc8fff7905408ee3e92d9da,1960-03-26 06:08:38,2002-04-11 02:45:22,(088)-857-4143,(574)-836-8240,SSN,079-70-8485,https://randomuser.me/api/portraits/men/77.jpg,https://randomuser.me/api/portraits/med/men/77.jpg,https://randomuser.me/api/portraits/thumb/men/77.jpg,US
female,ms,herminia,lopez,4560 taylor st,west valley city,ohio,20358,herminia.lopez@example.com,orangerabbit356,4711,owh4RLSf,490048ac80ff78154b55d1c37e5b0fe8,c804285b02b26ce18fb788b907ec76fc84de303a,ab877769b8f6662845b080bd1c2176ca42c3e1d64574a551cad38a301d3ccac0,1958-05-24 23:12:12,2015-07-04 01:48:26,(915)-306-1709,(931)-968-2855,SSN,002-82-8407,https://randomuser.me/api/portraits/women/94.jpg,https://randomuser.me/api/portraits/med/women/94.jpg,https://randomuser.me/api/portraits/thumb/women/94.jpg,US
male,mr,soham,cooper,7590 westheimer rd,syracuse,montana,58213,soham.cooper@example.com,goldenwolf210,oscar,616M3xw5,366a8d635250ad474cb088021eccbce2,15c99234c5b13db6a5db551843724186d7f49727,9abf6cc0808ea6b693db34c9ce48c1c8900e2b7327fce8abffdbbc99cb2cffb9,1961-01-25 10:55:25,2013-01-15 04:01:34,(935)-122-9305,(494)-680-0135,SSN,993-41-1014,https://randomuser.me/api/portraits/men/74.jpg,https://randomuser.me/api/portraits/med/men/74.jpg,https://randomuser.me/api/portraits/thumb/men/74.jpg,US
male,mr,max,decker,9835 römerstraße,gießen,bayern,52275,max.decker@example.com,crazymouse544,orchid,0lQFyMOP,0ed136cff080dee2cfa929509e1f669c,d894e7c3a67310b214869102c3a6c2010f5d7158,6e0b58429d3534b1135d111978284c3f05b6c1d321c0be7c5a4cac6f03f677af,1984-04-08 17:00:13,2011-12-04 11:17:59,0640-5371356,0172-2713014,,,https://randomuser.me/api/portraits/men/84.jpg,https://randomuser.me/api/portraits/med/men/84.jpg,https://randomuser.me/api/portraits/thumb/men/84.jpg,DE
female,ms,tina,gomez,3763 homestead rd,irvine,north dakota,47241,tina.gomez@example.com,whitegoose919,bergkamp,Ad9WOC3Y,0b4b4f1dede4fd3af0ca33033670ade2,3a80f9b111fa4a0066c7ae74f010961b0073c511,87af2cd96a7ab2d9ac06565d205ba2f44c89f72ed3e964654acc86046d459fed,1973-12-04 15:27:44,2008-04-28 03:32:53,(778)-276-9402,(527)-768-6316,SSN,471-51-6340,https://randomuser.me/api/portraits/women/74.jpg,https://randomuser.me/api/portraits/med/women/74.jpg,https://randomuser.me/api/portraits/thumb/women/74.jpg,US
male,mr,todd,frazier,3044 new street,leeds,cornwall,LN8K 1FE,todd.frazier@example.com,crazybird718,ruth,sro0Dtgb,42dee63de2f5dfcd6e37527d45816908,823b57155ee176fe0e1056d51c0af94782900a82,40205b9297704d0f5505444facc8cf1d429287c87b8f2bc0e2af474acdfe6d48,1946-10-11 17:34:16,2008-09-05 18:51:20,016977 5868,0788-048-817,NINO,KY 49 78 87 J,https://randomuser.me/api/portraits/men/89.jpg,https://randomuser.me/api/portraits/med/men/89.jpg,https://randomuser.me/api/portraits/thumb/men/89.jpg,GB
male,mr,ryan,collins,8894 crockett st,richardson,mississippi,97494,ryan.collins@example.com,organicrabbit469,nomore,cnJOLMrC,77dd3ef13137e89c760aa883c2677e2a,e4c92fb0fd954c1a844e2cbc757e1a5963f92ccb,030b68164bd6749e6393c2b175838b2ca6057cd10eac706e4dda893eada1c9d1,1954-10-25 19:08:50,2004-06-06 14:55:17,(429)-134-9554,(511)-141-2582,SSN,303-53-3944,https://randomuser.me/api/portraits/men/84.jpg,https://randomuser.me/api/portraits/med/men/84.jpg,https://randomuser.me/api/portraits/thumb/men/84.jpg,US
female,mrs,paula,lorenz,7978 marktplatz,fürth,hessen,63494,paula.lorenz@example.com,bluedog380,iiiiiii,wsMEwWdJ,b580bd63338d54823c04d135fe007d67,4569cfd06226d438fb5df46e8ca78765a0430285,fbd2f23fabdd5d0af82343695f01143443dfb8527d0a89079c55788426f3d0d2,1973-11-08 15:40:31,2008-02-10 17:21:22,0705-5104677,0174-2211097,,,https://randomuser.me/api/portraits/women/80.jpg,https://randomuser.me/api/portraits/med/women/80.jpg,https://randomuser.me/api/portraits/thumb/women/80.jpg,DE
male,mr,fred,burns,2004 the crescent,ripon,berkshire,KI6 3SS,fred.burns@example.com,crazyladybug485,stream,SdZplFNr,bf5ea40985e9147900cc36aa71c00ef0,3fadcff15abeaea6f0df845a0f347f800ffc44ad,0b8929391f628fb89d7832352e155891fcba73273dc5cac23d8fafeeb851dd82,1981-08-26 00:10:24,2006-07-26 02:47:19,017683 43649,0703-669-329,NINO,AM 70 65 68 L,https://randomuser.me/api/portraits/men/82.jpg,https://randomuser.me/api/portraits/med/men/82.jpg,https://randomuser.me/api/portraits/thumb/men/82.jpg,GB
female,ms,viktoria,frey,4419 jahnstraße,mainz,hessen,56516,viktoria.frey@example.com,tinypeacock991,gretchen,1bOcugun,22226baeb33d2f83e388082665a26ca0,b35a854e2b6a3a1e26d589fd745b634bff7085aa,8d06d829859949b48525973aefc14f968a8f26185121445925a16fb0516b3d7f,1970-11-14 15:16:59,2012-10-06 06:16:42,0706-4486433,0176-0994629,,,https://randomuser.me/api/portraits/women/25.jpg,https://randomuser.me/api/portraits/med/women/25.jpg,https://randomuser.me/api/portraits/thumb/women/25.jpg,DE
male,mr,simon,ritter,6761 amselweg,stralsund,hamburg,23309,simon.ritter@example.com,heavybird337,underdog,oDN7Dupb,bb9b41f65c55d3b76640859c8a636ba8,3c388738368d43725d82fc918cc60865de466953,04549811b77cb4ef6b9d9f2179d77cf0b7c8e666072ffc0e3d5dc8367a063970,1959-12-09 15:05:47,2015-09-12 07:53:11,0006-8819413,0179-2054912,,,https://randomuser.me/api/portraits/men/98.jpg,https://randomuser.me/api/portraits/med/men/98.jpg,https://randomuser.me/api/portraits/thumb/men/98.jpg,DE
female,mrs,megan,davis,3310 highfield road,leeds,greater manchester,I0 9XJ,megan.davis@example.com,organicleopard653,151nxjmt,oFcEfrcs,5564e3648108b295d6601e7679576c65,dd3ef42a1983a61350d8c4508bfc791eba4dc792,1aebecdcda4e529b4d5a52d3c5e2741c780e3b4ad0bc9ec13ce8bf468d4f8ab1,1965-04-25 02:33:53,2006-07-06 11:44:00,017683 43429,0779-045-929,NINO,TK 52 40 38 G,https://randomuser.me/api/portraits/women/81.jpg,https://randomuser.me/api/portraits/med/women/81.jpg,https://randomuser.me/api/portraits/thumb/women/81.jpg,GB
female,mrs,rachel,ramirez,3590 church lane,londonderry,south yorkshire,JM3W 0FE,rachel.ramirez@example.com,beautifulsnake495,kitkat,mG3cRRcT,4d7558f06b47074a85489decc02f7c9c,c47e8546bc7fc4039a1e70c17978880237ee1c06,5db8b2504da36e6d609e3662fac98328cd0431764af48fa2cff58f68a9d658b8,1970-08-25 05:44:52,2008-10-15 15:52:38,019467 97518,0758-199-930,NINO,SM 04 60 09 V,https://randomuser.me/api/portraits/women/34.jpg,https://randomuser.me/api/portraits/med/women/34.jpg,https://randomuser.me/api/portraits/thumb/women/34.jpg,GB
male,mr,kurt,gerlach,1083 goethestraße,emsland,brandenburg,42825,kurt.gerlach@example.com,purplebutterfly667,justus,eNQvEiGH,681776f0ba2eb4437a5c43ed2e5d3290,9a3d33c128cc5dffe48089d984869c5663362694,904cb67a3d835fd33fdce6c542a23b5221d21e14b78e9d6d09e6d87576ed3d01,1992-11-01 21:46:30,2003-08-03 06:08:17,0849-3832972,0176-3176353,,,https://randomuser.me/api/portraits/men/45.jpg,https://randomuser.me/api/portraits/med/men/45.jpg,https://randomuser.me/api/portraits/thumb/men/45.jpg,DE
male,mr,arthur,frank,8831 ahornweg,borken,saarland,99348,arthur.frank@example.com,lazypanda465,sydney,sCDvFmn6,e6e24fdd1a9333e894a16d0857bcb280,6941b0f3041aab4aa505cff841f2f0f2a380d660,b512982319a92894b92788d7977854a052ff682ffc2b33b4f07451de6897a7c6,1947-04-07 06:07:47,2012-08-16 01:31:20,0907-6508104,0172-0581503,,,https://randomuser.me/api/portraits/men/85.jpg,https://randomuser.me/api/portraits/med/men/85.jpg,https://randomuser.me/api/portraits/thumb/men/85.jpg,DE
male,mr,markus,günther,5135 drosselweg,main-spessart,berlin,80876,markus.günther@example.com,whiteswan801,smile,cMlnG5QJ,18d6bac841f7d73e46d605b7da247318,0ef63d181a109a53e4b0624a4a300a3793527c95,f1ae3108eff33999fc11daecfa22b05815301027bf169be40646a1ee851109c7,1966-06-19 04:48:05,2009-02-17 10:26:04,0133-1924842,0178-6443255,,,https://randomuser.me/api/portraits/men/67.jpg,https://randomuser.me/api/portraits/med/men/67.jpg,https://randomuser.me/api/portraits/thumb/men/67.jpg,DE
male,mr,tristan,berry,8950 cackson st,cleveland,oregon,84472,tristan.berry@example.com,smallladybug788,obiwan,wAg4JFuu,507d943d157766ac78a60239a2618941,161f32fccfca55cb7e8822ebdf8c5a3f27139ee2,59928ca2c407facb220cac1551b03f72b12238819732e1859c1c911c32ebb7d4,1961-07-25 05:36:24,2003-12-25 22:24:21,(782)-526-9962,(831)-952-7728,SSN,751-91-1601,https://randomuser.me/api/portraits/men/23.jpg,https://randomuser.me/api/portraits/med/men/23.jpg,https://randomuser.me/api/portraits/thumb/men/23.jpg,US
male,mr,johnny,griffin,3383 new street,wolverhampton,buckinghamshire,L58 7SJ,johnny.griffin@example.com,greenlion580,bobafett,OFAIh4So,c242e7543f52e3a35047c3a24f64a7a3,904f3932b87546fdb2aa9a6ab1e0a1dcddfa75f0,61ba1ab7bb40fb5bd922d21dde8b43cd2bf6b2fe5c49278fb50eae134dd99fe4,1974-01-22 22:21:36,2005-10-26 14:10:09,015396 71725,0737-936-427,NINO,BM 97 98 35 S,https://randomuser.me/api/portraits/men/66.jpg,https://randomuser.me/api/portraits/med/men/66.jpg,https://randomuser.me/api/portraits/thumb/men/66.jpg,GB
male,mr,matthias,haas,8715 lerchenweg,augsburg,bremen,44623,matthias.haas@example.com,yellowfish813,splurge,o45dMLCe,bafe036887127fae8f846dc9c6ee1f25,c5dbb91093042cb5dcae8c46644b67ea015f688c,c49970fb55666b6b6da1ea4b135597e63348748ea416bfce48021c643a7135aa,1949-09-27 04:51:35,2008-09-28 17:01:20,0156-1705240,0170-6428464,,,https://randomuser.me/api/portraits/men/48.jpg,https://randomuser.me/api/portraits/med/men/48.jpg,https://randomuser.me/api/portraits/thumb/men/48.jpg,DE
male,mr,craig,robertson,5533 spring st,north las vegas,iowa,31255,craig.robertson@example.com,yellowtiger921,eyes,oMHQcdsd,34686742d8cb451b9a20a6c67d50d741,9dbf5ead7222bd12c40c25f74fe8a389548dc078,4ef508c58797d7708d983427beffc0eaccb9ec631deb8a15d6f4aec6afb8682f,1983-02-15 11:19:33,2002-09-12 03:26:31,(177)-003-6918,(175)-577-7297,SSN,839-99-7312,https://randomuser.me/api/portraits/men/36.jpg,https://randomuser.me/api/portraits/med/men/36.jpg,https://randomuser.me/api/portraits/thumb/men/36.jpg,US
male,mr,alberto,dixon,4507 smokey ln,spokane,massachusetts,81628,alberto.dixon@example.com,bigswan982,junkie,zydFRki7,afd86cb5950d5c47bd61772558ad95d8,846926b76d7d489eb9ad3163289640234a3f15f5,56536d4b2434ad8352ae269a887e972cc58accb2b12dc88cc81bbfec8d7bba64,1982-06-17 18:39:58,2015-12-02 05:48:53,(876)-502-6180,(650)-624-2589,SSN,356-91-4281,https://randomuser.me/api/portraits/men/40.jpg,https://randomuser.me/api/portraits/med/men/40.jpg,https://randomuser.me/api/portraits/thumb/men/40.jpg,US
female,miss,jackie,richardson,8780 depaul dr,elizabeth,florida,37523,jackie.richardson@example.com,yellowladybug921,5329,iWLEibZF,0ad4777f60a42a3bf3089395113c7455,80880982f2248c5642e7db33778af5ff2ad4d049,c94e07efdb35ccc297e02bce0c54653ced3305bac7bcba2c9a74c47f4f941a12,1952-12-06 05:59:33,2005-01-31 02:39:52,(320)-233-5027,(537)-612-6201,SSN,785-75-8669,https://randomuser.me/api/portraits/women/30.jpg,https://randomuser.me/api/portraits/med/women/30.jpg,https://randomuser.me/api/portraits/thumb/women/30.jpg,US
male,mr,noah,rogers,1796 ash dr,rockford,michigan,23500,noah.rogers@example.com,purpledog215,kristina,S8yE4AFP,303731dbb5f51d0c68758e2a7d0dc44d,4bc05098d9a9c7a696a324696a93ac4849f0a4fe,b3e6cc9a707b7890592ad8c53ad11dcad7fc4a998717b979f88b9fcec3d8496b,1975-12-04 19:48:28,2004-09-02 05:56:40,(536)-707-3866,(508)-338-6662,SSN,570-29-5785,https://randomuser.me/api/portraits/men/37.jpg,https://randomuser.me/api/portraits/med/men/37.jpg,https://randomuser.me/api/portraits/thumb/men/37.jpg,US
male,mr,andreas,fritz,4408 kiefernweg,aachen,rheinland-pfalz,49613,andreas.fritz@example.com,heavybird398,newton,ehN905lt,2b8415f32e0f229c2be011f84ea80a80,bd4ef0ef25ef9a36a2b40badd94c1517ba58d650,60c65e64df07464316090d55d64ef117a8d21e9b644d132e61c7a59f04aae1fd,1959-10-26 19:07:54,2008-03-06 00:26:10,0881-9168652,0172-6224992,,,https://randomuser.me/api/portraits/men/71.jpg,https://randomuser.me/api/portraits/med/men/71.jpg,https://randomuser.me/api/portraits/thumb/men/71.jpg,DE
male,mr,louis,chambers,3243 grange road,leeds,borders,J65 6UG,louis.chambers@example.com,blackdog772,cosmos,SRgEEutN,bbc7e437ddea10ec81eb5802ff4071b9,645d31a570aaddf1a4aa7fd8671ab879963938bb,851defb89dc4e842955b1f40b80a93658c3e2e50b2bd4aefd0be0f5652349903,1956-12-05 21:26:36,2007-11-19 20:05:22,01527 968765,0743-723-695,NINO,OJ 54 88 04 F,https://randomuser.me/api/portraits/men/75.jpg,https://randomuser.me/api/portraits/med/men/75.jpg,https://randomuser.me/api/portraits/thumb/men/75.jpg,GB
female,mrs,vera,long,3489 w gray st,roseburg,north carolina,48463,vera.long@example.com,smalllion930,pointer,AHyQECbM,e1ebdf42695933a2c1bd883ff998901f,47d3c2116650523d8e27d41dffd06a3718899356,2dc1cc86409c075441ac085f76d0b95f6d1dc55069cb7f333d205bbaa07439df,1969-10-27 21:10:32,2014-05-15 00:18:04,(624)-492-5479,(131)-569-6410,SSN,843-59-7511,https://randomuser.me/api/portraits/women/6.jpg,https://randomuser.me/api/portraits/med/women/6.jpg,https://randomuser.me/api/portraits/thumb/women/6.jpg,US
female,mrs,susanna,watts,7478 windsor road,glasgow,suffolk,N04 6ZQ,susanna.watts@example.com,lazyfrog395,dong,1enVBPDY,41f20a9de2aa598e0bfe8f7beda00971,dc751e70ba50fdfcd8782208ebac8e9721cb2c2d,fc0cb54034fcdbeb21e51f0f47e0247196a209078e6dc554778a60b4445875f6,1972-05-12 22:24:17,2012-11-15 01:26:52,015394 14425,0700-888-988,NINO,KG 73 30 85 R,https://randomuser.me/api/portraits/women/96.jpg,https://randomuser.me/api/portraits/med/women/96.jpg,https://randomuser.me/api/portraits/thumb/women/96.jpg,GB
male,mr,ruben,steeves ,1895 railroad st,lincoln,rhode island,63529,ruben.steeves@example.com,crazygoose225,rasta,pXqGLCX2,d04c9a75e9cd3fd9351ef503305ffc36,3908fead0fd89bec9059745c9f14b39ce781f0a4,5dedb8c9beff0194173131cb86ffd67ad801c68431613d562b4433f1285cdd44,1962-07-07 07:49:31,2002-06-27 00:35:14,(120)-282-7596,(418)-604-2030,SSN,703-68-9069,https://randomuser.me/api/portraits/men/36.jpg,https://randomuser.me/api/portraits/med/men/36.jpg,https://randomuser.me/api/portraits/thumb/men/36.jpg,US
female,mrs,tina,carpenter,4813 elgin st,topeka,iowa,32328,tina.carpenter@example.com,smallrabbit136,galeries,ao53BBxp,db9f62e816418f0ef4b8a5e94825ca7c,e7569fec2ce7a989434bef000f7e8d57c85db733,a79cfc9ed247f8d75374fc700e19cffdade521fda09f71a7faea9b2df53a81cc,1951-12-12 15:29:18,2010-05-16 16:29:21,(677)-545-2472,(974)-222-7877,SSN,428-04-5508,https://randomuser.me/api/portraits/women/53.jpg,https://randomuser.me/api/portraits/med/women/53.jpg,https://randomuser.me/api/portraits/thumb/women/53.jpg,US
male,mr,shaun,davidson,1786 mill lane,lisburn,clwyd,RS9 0GF,shaun.davidson@example.com,lazywolf279,skywalker,vbBYnnxS,d020784119b9256ff15a41341200da84,e550396403a9730170584e5983cb91287ff322f4,aebd8ab677dd62db3307d3f5c3163a4b84958d96bb8493b6a21adcad38a55b1f,1956-11-19 15:01:45,2006-06-10 04:20:38,0116185 125 0981,0708-762-677,NINO,RL 54 09 02 K,https://randomuser.me/api/portraits/men/58.jpg,https://randomuser.me/api/portraits/med/men/58.jpg,https://randomuser.me/api/portraits/thumb/men/58.jpg,GB
male,mr,dwayne,bradley,6907 queen street,durham,greater manchester,V99 4NE,dwayne.bradley@example.com,bigpanda909,alfredo,2P0eiPEU,e60b174be8f6eb0eb90f17ff27553a49,1825ed12e81f9c9d774b5a5f87055ebbfebda298,23da5aabff4999a3838ac3a837d8b90d031f7a20bfb56a44380be24d73e7b001,1956-01-07 21:07:00,2015-06-10 07:09:01,016977 2565,0783-318-197,NINO,ZM 62 40 07 V,https://randomuser.me/api/portraits/men/94.jpg,https://randomuser.me/api/portraits/med/men/94.jpg,https://randomuser.me/api/portraits/thumb/men/94.jpg,GB
female,miss,madison,duncan,2281 mcgowen st,aubrey,hawaii,86602,madison.duncan@example.com,goldenmeercat414,gizmo1,y8gnr8sr,3427275df303b7b3f0d2fb420bd2f118,f4b312170bff2ee444169b5f4da88ed301196998,b4d23a8dbee39c09c9970496d58809c7f7fdf60c39f00945e0b42d3f3d6ea680,1953-11-09 08:25:37,2009-07-06 11:18:11,(027)-111-8243,(050)-047-0416,SSN,998-09-4458,https://randomuser.me/api/portraits/women/21.jpg,https://randomuser.me/api/portraits/med/women/21.jpg,https://randomuser.me/api/portraits/thumb/women/21.jpg,US
male,mr,eddie,frank,9487 bahnhofstraße,demmin,schleswig-holstein,49977,eddie.frank@example.com,tinyfish936,sheeba,n5OLACUS,d8b2c7453d9464c526b9320e80980eec,8e9faa6722ae1529eee1015c78783d93f7c6e575,c0d31e86703a5cf6b85e7ec36109f5cb92b4029680e9b1abade27adc79549092,1979-08-23 05:11:19,2004-09-12 05:53:09,0118-9558143,0173-1769557,,,https://randomuser.me/api/portraits/men/51.jpg,https://randomuser.me/api/portraits/med/men/51.jpg,https://randomuser.me/api/portraits/thumb/men/51.jpg,DE
female,mrs,victoria,woods,2269 london road,chester,rutland,V9 6JH,victoria.woods@example.com,orangekoala886,rock,plPJjKpe,ba983c8df0c72dfab44357c2ba4c38e2,f29754270e1c9c4e06427d0b093b673d17d7e5d5,000d33f26d2f1a2616c38cf1ac22213a0c09110eddf0f7a2d9df10a1b7d31461,1983-08-24 17:50:52,2016-01-28 20:47:00,019467 77466,0763-466-589,NINO,SS 63 11 64 Y,https://randomuser.me/api/portraits/women/29.jpg,https://randomuser.me/api/portraits/med/women/29.jpg,https://randomuser.me/api/portraits/thumb/women/29.jpg,GB
male,mr,rick,carroll,9796 church road,st albans,dyfed,X70 9TY,rick.carroll@example.com,organicladybug499,2525,KD2IEfmq,0d9ed89e88f6197a9923d302b51fc9ca,a74a113d6daa8b9d2c698f65199080e204dcd850,0da70a792b5c4d392234ec4ab204217d91f3e63ddafaf70e1ace28ec078c178c,1962-12-20 11:56:32,2010-03-09 16:09:36,019467 92451,0783-376-343,NINO,CT 40 06 05 C,https://randomuser.me/api/portraits/men/47.jpg,https://randomuser.me/api/portraits/med/men/47.jpg,https://randomuser.me/api/portraits/thumb/men/47.jpg,GB
male,mr,bob,ross,3126 oak lawn ave,nampa,florida,61901,bob.ross@example.com,beautifulleopard175,chill,IQQCp79e,1fcb6f0a2f50712f6230029620e5aed0,8b7e180e49ec6428ad1746cf2bdaeb1cbef70fd2,e7c1e9f452032e2134be9f1bd8dfee16b9650be3809253f2f375c4afa660d93f,1970-07-06 21:27:40,2006-08-22 19:49:53,(127)-582-9319,(357)-973-4068,SSN,512-22-0659,https://randomuser.me/api/portraits/men/15.jpg,https://randomuser.me/api/portraits/med/men/15.jpg,https://randomuser.me/api/portraits/thumb/men/15.jpg,US
female,mrs,stella,douglas,5325 groveland terrace,wichita falls,wyoming,80448,stella.douglas@example.com,redfrog525,moose,dKVQkY4r,af6a8aa46776174db5df0944228b7691,144d47cc29596c8d3ed6870b9a9a63aaa4b95f6b,a48d37e1c69fd69f39fe050e15d198c4c3b95e7e606a858066c9c4f513f25548,1949-03-19 03:47:43,2015-12-26 04:38:27,(429)-405-7030,(804)-770-8671,SSN,098-69-3077,https://randomuser.me/api/portraits/women/21.jpg,https://randomuser.me/api/portraits/med/women/21.jpg,https://randomuser.me/api/portraits/thumb/women/21.jpg,US
female,mrs,rebekka,nickel,8909 goethestraße,lüneburg,bayern,47780,rebekka.nickel@example.com,smallmouse382,downtown,AHdm9jGc,6acc55d7cc0320998a6eb3a3328ce059,dcfff13f7635fd88f657850622dcaf3350803780,10cbd6e67280ce3c0a3d8978fde6e36d8140b5c4e96c42fd36612bfbf87dbba5,1962-06-11 16:43:17,2007-02-15 23:42:59,0271-2058034,0172-6362114,,,https://randomuser.me/api/portraits/women/19.jpg,https://randomuser.me/api/portraits/med/women/19.jpg,https://randomuser.me/api/portraits/thumb/women/19.jpg,DE
male,mr,bradley,marshall,8879 ranchview dr,corona,ohio,35099,bradley.marshall@example.com,tinygorilla513,q1w2e3r4,Y78xXNj2,e7c2938ec00422129e93618ea7569e8c,0e8571b53389ff71fc363343cc6205858e731671,4740b5f18e1a30c8c5d32d59e0f6618cb3a3cdc06cdb346725918155cd3217c5,1947-04-22 01:22:02,2010-11-04 14:00:32,(538)-540-4028,(649)-466-4859,SSN,458-54-5323,https://randomuser.me/api/portraits/men/5.jpg,https://randomuser.me/api/portraits/med/men/5.jpg,https://randomuser.me/api/portraits/thumb/men/5.jpg,US
male,mr,scott,berry,8722 main street,york,derbyshire,BK3H 4GZ,scott.berry@example.com,bigbird226,blue11,NlO1k1Ub,8032d3a55437130ff0b79d900c17f8e3,ee782c18098f8499cfd353801d43f4d26fda36ce,e437efeede92c1ce2cb6d9d707460c8fe890791073daf40033fdb9fba8b60f27,1951-10-15 06:26:11,2002-05-08 13:11:25,017687 21065,0744-894-532,NINO,AS 31 93 89 B,https://randomuser.me/api/portraits/men/90.jpg,https://randomuser.me/api/portraits/med/men/90.jpg,https://randomuser.me/api/portraits/thumb/men/90.jpg,GB
female,miss,rosa,otto,9341 kirchplatz,harz,baden-württemberg,49430,rosa.otto@example.com,bluebear685,tbone,ecdF3KW6,c258ee1890abfb9a50ccebe2f1d506fb,c20a1b4c4fd77597f300bf85d74384a78c51a718,0c41c3a233f7d8bc3da1796d9860a0b61f122d813cd4b618b25d02a218a7e588,1989-05-16 20:03:03,2013-05-18 00:27:21,0948-9531210,0178-2492836,,,https://randomuser.me/api/portraits/women/34.jpg,https://randomuser.me/api/portraits/med/women/34.jpg,https://randomuser.me/api/portraits/thumb/women/34.jpg,DE
male,mr,edward,hamilton,4334 manchester road,ripon,grampian,GO09 2GN,edward.hamilton@example.com,purplegoose437,antoine,3bRcKOai,5162740906716505141c10bb06743180,6fac8e6c60c2f542cf1b1a9e06f2499862618cfd,de5727603be691ed03952353cbec0ba20fc74fa2f39ec42ee9085b3ed7c14969,1954-01-20 21:34:04,2003-11-09 22:30:42,013873 73680,0732-203-828,NINO,EH 06 56 73 N,https://randomuser.me/api/portraits/men/94.jpg,https://randomuser.me/api/portraits/med/men/94.jpg,https://randomuser.me/api/portraits/thumb/men/94.jpg,GB
male,mr,alexander,fricke,4172 dorfstraße,würzburg,brandenburg,76657,alexander.fricke@example.com,orangepanda273,concrete,tSwaBGgu,390049895300de0a3bd52ed7da94a4e2,49f92211ff5f60b056b3b570c0aa2614b68fcd79,d849a2dc3c21235fae992a2a5e23e3febda6ff887411a59eabfbc8017b12c8fd,1975-12-30 08:54:52,2006-12-21 05:53:44,0754-9710302,0176-2223238,,,https://randomuser.me/api/portraits/men/42.jpg,https://randomuser.me/api/portraits/med/men/42.jpg,https://randomuser.me/api/portraits/thumb/men/42.jpg,DE
female,miss,eva,hein,5452 finkenweg,düren,mecklenburg-vorpommern,42559,eva.hein@example.com,yellowbear188,samsung,sl3ttCCf,50406b99b1461f9eb45d97bc39ab7097,ef1ecc46606e7776c81a47f5f64e88b8ba7e86f3,9eebe6b934bf1143089c9fcd87f0487d9f98e40627f9b54deeba0e0f13020c37,1963-08-27 01:24:17,2011-01-23 09:01:27,0069-2939159,0170-0420061,,,https://randomuser.me/api/portraits/women/14.jpg,https://randomuser.me/api/portraits/med/women/14.jpg,https://randomuser.me/api/portraits/thumb/women/14.jpg,DE
female,ms,elisa,barth,7621 tulpenweg,hildburghausen,brandenburg,14880,elisa.barth@example.com,heavybear918,waterloo,dyGlbdUW,6ac498a594b4aee7bbfcd71f91ed2600,1430ddbbc788ec3cebe431a62da534a6af2f5a49,2fce071550c6914f90f743f2a4cc1066c7a7573493ba40767dd0c876514441a0,1971-05-07 10:02:33,2011-01-19 10:30:06,0344-2808896,0174-3913714,,,https://randomuser.me/api/portraits/women/94.jpg,https://randomuser.me/api/portraits/med/women/94.jpg,https://randomuser.me/api/portraits/thumb/women/94.jpg,DE
male,mr,franklin,bishop,7583 school lane,southampton,gwynedd county,HZ1H 6YD,franklin.bishop@example.com,tinyrabbit953,desmond,f7YHtrhn,1204560e83c9e677a5b4ba57e11ef3c1,317af80560f5bbf84f20a3ba975ca4b24e6a464a,5dd000242ebc6c39e0daaedceae7d11b75988559a1529b40b89ab65955c2cc10,1945-12-21 01:58:13,2011-01-02 22:03:38,015242 24687,0738-723-931,NINO,YW 66 87 75 M,https://randomuser.me/api/portraits/men/45.jpg,https://randomuser.me/api/portraits/med/men/45.jpg,https://randomuser.me/api/portraits/thumb/men/45.jpg,GB
female,miss,kristin,stephens,9490 the crescent,salford,tyne and wear,WI9 1PU,kristin.stephens@example.com,goldensnake782,soccer12,RMqmlddO,e37ed63c5019c3bac44b92c2f9e1a4c8,a54f6c96753e99aee34642db5ab2032f9a9d6154,1771f2d610dd12954c0c1740f2d174e5facb075323e621eb1445172cecfa3ab1,1947-05-10 06:21:57,2005-08-17 09:21:54,016973 29581,0704-299-320,NINO,GZ 31 11 77 B,https://randomuser.me/api/portraits/women/96.jpg,https://randomuser.me/api/portraits/med/women/96.jpg,https://randomuser.me/api/portraits/thumb/women/96.jpg,GB
female,mrs,joyce,armstrong,4435 frances ct,shelby,new york,48699,joyce.armstrong@example.com,whitecat459,user,GaX97szE,9c68f85d30baa4a26b57f98c19b7512c,cd9182d7992807038a391a516ffbe950233c920a,5305151c40bc3e32c1544e08db9214d87c7ea12b9fc707aa529d2766710265ad,1946-05-11 09:02:43,2014-03-30 03:16:41,(289)-357-6068,(920)-232-4996,SSN,448-68-2040,https://randomuser.me/api/portraits/women/21.jpg,https://randomuser.me/api/portraits/med/women/21.jpg,https://randomuser.me/api/portraits/thumb/women/21.jpg,US
male,mr,felix,ernst,4423 blumenstraße,fürstenfeldbruck,mecklenburg-vorpommern,91460,felix.ernst@example.com,brownfish206,lynn,JD8O4qJ0,f1d690e3d74d6e8a93c781bff708b468,d74d9b719eb13389ad2fe09ef0273ac3b612b29c,04833ab62938a63a9faf8139be400638f80a54f68b4faffa72554d85baae429d,1973-12-09 14:01:56,2002-09-02 11:27:54,0273-0965297,0172-7979963,,,https://randomuser.me/api/portraits/men/70.jpg,https://randomuser.me/api/portraits/med/men/70.jpg,https://randomuser.me/api/portraits/thumb/men/70.jpg,DE
female,miss,jasmina,kaiser,7260 friedhofstraße,wunsiedel i. fichtelgebirge,bremen,72398,jasmina.kaiser@example.com,bigfrog793,toilet,IvB8IB9F,ed9a33601ebc5c7c47fc249e4c372dee,f101b773647ad8143602e137fa57ed9034c9ced7,3b61928037b42d7479e52306d67e5fee997132286e34e1579e639c1642f99223,1944-11-08 01:34:03,2007-08-05 19:10:50,0876-7856775,0172-5641286,,,https://randomuser.me/api/portraits/women/24.jpg,https://randomuser.me/api/portraits/med/women/24.jpg,https://randomuser.me/api/portraits/thumb/women/24.jpg,DE
female,mrs,lillian,martinez,3592 york road,bath,cambridgeshire,Y2 7FH,lillian.martinez@example.com,beautifulkoala949,bubble,WQpz0YS8,4d74bac34bc93aca8b5f04830b238b90,cead130cf0e02ea5595759aa6c32b525c2158dae,33b71079d28fbd762f1e427ab21f1f4f6c42eac66f0afffa2469c98ce4618fa3,1986-03-13 17:54:22,2009-05-26 04:11:53,015395 81889,0755-102-460,NINO,LL 73 68 65 T,https://randomuser.me/api/portraits/women/4.jpg,https://randomuser.me/api/portraits/med/women/4.jpg,https://randomuser.me/api/portraits/thumb/women/4.jpg,GB
male,mr,brett,holmes,5368 dogwood ave,colorado springs,oklahoma,52215,brett.holmes@example.com,goldenpanda375,hermes,RYs2TTL1,0903cb647085b18384ab1ddc4520b4b1,d8e4051502193ab1801356b13e0e47149c618f70,ffaa4bf8a30051ce062fdf2f474e8b08cfab1df59505e84dc62e987a86531d93,1980-05-14 05:50:31,2013-01-28 03:53:41,(615)-950-2630,(427)-291-6085,SSN,406-08-4913,https://randomuser.me/api/portraits/men/88.jpg,https://randomuser.me/api/portraits/med/men/88.jpg,https://randomuser.me/api/portraits/thumb/men/88.jpg,US
male,mr,colin,robinson,6176 north road,stoke-on-trent,highlands and islands,S3M 7GL,colin.robinson@example.com,blackladybug499,blanco,OufPq8Ma,1ed35c2b944d738f2919d344fa6e8a02,a3b5f3f3fd3557ff4a46f7c535d75143b44ae9bf,03787067bc0ee327f0d870caad1853b0e3bb087272b7d1cdd598869af883ae00,1971-12-15 03:54:46,2011-11-22 19:15:37,015242 11213,0792-055-198,NINO,MM 99 26 43 Q,https://randomuser.me/api/portraits/men/70.jpg,https://randomuser.me/api/portraits/med/men/70.jpg,https://randomuser.me/api/portraits/thumb/men/70.jpg,GB
male,mr,julian,jackson,8354 high street,preston,hampshire,SB98 4RL,julian.jackson@example.com,crazybear729,skin,JZH0feZF,d561aa5bd069754cdd04ef284ba55616,715ac69ddec4cf025bbf863cb3c1357b108750c3,8b896ac2401a8dd2794686c2f40dfcb3ebabde3f49dbeeba5c27fa42ca45b74f,1949-07-07 19:29:49,2012-02-22 11:42:03,0141 124 3470,0763-024-232,NINO,CH 24 58 08 B,https://randomuser.me/api/portraits/men/77.jpg,https://randomuser.me/api/portraits/med/men/77.jpg,https://randomuser.me/api/portraits/thumb/men/77.jpg,GB
female,ms,carla,oliver,5623 ash dr,red oak,nebraska,38609,carla.oliver@example.com,yellowrabbit125,start,7lEd4wWt,b6c1bf7c5a2f1822528d0c4551aaf6c9,30280634bccc9bda425e602199b36ad557701767,49c786406919eb2849f96ccd071a601f90570b60abdc4e9a275e861b394d20c5,1975-10-10 18:22:55,2008-05-27 19:28:17,(096)-151-4743,(844)-494-6081,SSN,509-38-5769,https://randomuser.me/api/portraits/women/29.jpg,https://randomuser.me/api/portraits/med/women/29.jpg,https://randomuser.me/api/portraits/thumb/women/29.jpg,US
male,mr,daniel,kröger,9732 blumenstraße,heidenheim,bremen,73617,daniel.kröger@example.com,redleopard317,pickup,9YmkzD6J,971c0f0e2ff89bbe0f775a35860de58a,0c335380ae4277909e61a03898eb2333f944338d,56baae9b031f8b00572dae14f3142114a9aa7191e32e55fcf3aa9409531541bc,1976-01-21 21:21:22,2008-02-08 23:16:05,0286-2023173,0179-8316741,,,https://randomuser.me/api/portraits/men/5.jpg,https://randomuser.me/api/portraits/med/men/5.jpg,https://randomuser.me/api/portraits/thumb/men/5.jpg,DE
female,mrs,amelie,popp,3518 parkstraße,spree-neiße,baden-württemberg,20129,amelie.popp@example.com,orangepanda469,doom,hNefv6ZB,a77733d38abc6bbcfc24f0e4b6a8ea3f,7865ff84e20f49a187e2ca8344d1c2056ccaa99e,843cfe72428e76fb5f5bcbf0e7d85085719b4207515f0892b8a2be3a23c92fa4,1950-06-14 06:55:12,2006-08-09 01:32:51,0933-5812160,0172-7241086,,,https://randomuser.me/api/portraits/women/7.jpg,https://randomuser.me/api/portraits/med/women/7.jpg,https://randomuser.me/api/portraits/thumb/women/7.jpg,DE
male,mr,oskar,schreiner,4236 brunnenstraße,hildburghausen,bayern,79882,oskar.schreiner@example.com,whitebutterfly959,islander,nWjHfSTs,26bb9f9d6e3bc4efae7e1e70a64d76a0,444713b65edcae60eb6cda108b1b5eba794bc3a3,4b54c5f7e610854f3d33947e19dc41efa6820c4f34c82cad186d969b8924e25a,1952-07-02 21:39:00,2005-02-22 01:10:48,0221-2615216,0173-9169378,,,https://randomuser.me/api/portraits/men/30.jpg,https://randomuser.me/api/portraits/med/men/30.jpg,https://randomuser.me/api/portraits/thumb/men/30.jpg,DE
female,miss,michelle,pena,5722 kingsway,portsmouth,bedfordshire,W8 6JR,michelle.pena@example.com,ticklishbutterfly443,baseball,wwuPt9vT,39baaf2683aaccebbde861e5fac8069d,22dcd1feb26b5328778330482d4290212fe6d85e,0f2bb2935a2c6667386fb35b4d2c2441b2cad014fad8f5f11c05b94d72287946,1967-11-15 16:28:05,2012-04-22 00:17:08,015396 81438,0716-903-083,NINO,PT 94 72 40 C,https://randomuser.me/api/portraits/women/27.jpg,https://randomuser.me/api/portraits/med/women/27.jpg,https://randomuser.me/api/portraits/thumb/women/27.jpg,GB
male,mr,judd,moore,2107 pockrus page rd,visalia,california,44129,judd.moore@example.com,ticklishpeacock555,bond,6CbT19h0,25b83161d0f7b6622e9feaa40ddadb71,2aa0266489d4290c11db5021962485333ab375a1,43c3f67cc3cc51ba29eee7a104b563197c37aadadf6edace84758de31e61fcc6,1977-09-10 13:30:14,2003-11-04 08:38:35,(313)-982-7965,(566)-992-4282,SSN,701-84-9074,https://randomuser.me/api/portraits/men/60.jpg,https://randomuser.me/api/portraits/med/men/60.jpg,https://randomuser.me/api/portraits/thumb/men/60.jpg,US
female,ms,sofia,hauser,9994 heideweg,mönchengladbach,nordrhein-westfalen,44058,sofia.hauser@example.com,biggorilla927,potato,x6pBYKNF,b13997744d99c8b3bc04123151505b8c,eace656d071bd40792ab8647568dcc4a7bd48947,6e91f42a155465f7146dea3f419859bfd2ced8daedd8b8d1f3b314f0798ab362,1946-05-15 18:31:36,2010-07-08 12:48:50,0311-6690059,0174-4410921,,,https://randomuser.me/api/portraits/women/37.jpg,https://randomuser.me/api/portraits/med/women/37.jpg,https://randomuser.me/api/portraits/thumb/women/37.jpg,DE
male,mr,mario,young,2211 london road,swansea,west glamorgan,D63 2LP,mario.young@example.com,crazywolf426,ting,0hrUO6aU,dba21da67a2ceaad5f1f0a9356bd4c1f,246a29435435401a9d2e447ac241686b47966584,d2b9d724f40e9c95b7fadf9035f5c2d30b28aa899ae2ef1829c7e3f9287f7161,1971-04-24 01:59:09,2006-11-29 00:56:09,017684 40748,0771-564-100,NINO,AX 39 43 39 B,https://randomuser.me/api/portraits/men/33.jpg,https://randomuser.me/api/portraits/med/men/33.jpg,https://randomuser.me/api/portraits/thumb/men/33.jpg,GB
male,mr,jamie,walters,9146 york road,york,lincolnshire,GQ44 0QY,jamie.walters@example.com,greengoose611,vampires,EzgGfk57,52463a54fc2b26dd06274528ff692caf,acd1ba8589c182051f2b20575ffeb73d8a9f4b34,420a1a5ab8f1c9356caf5ad855d0db29c4df2df889560c8bcab13088c32a3429,1945-12-03 06:31:21,2013-12-01 02:24:18,016977 34155,0726-184-869,NINO,KM 28 52 69 Q,https://randomuser.me/api/portraits/men/87.jpg,https://randomuser.me/api/portraits/med/men/87.jpg,https://randomuser.me/api/portraits/thumb/men/87.jpg,GB
female,ms,maria,little,6114 queens road,hereford,county antrim,MG7 5QA,maria.little@example.com,yellowkoala421,pirate,rr3BfxtU,a0611e720e742c4b85531bd22acf727b,3344055765c25d1b3a06f685f52b36d180e48094,b0cd3462d60cffc3ff880f8e707761764d4509b71ae10f1460c7734812624f48,1949-07-13 23:21:27,2005-02-19 08:54:02,015396 29964,0758-106-629,NINO,ZC 55 53 99 P,https://randomuser.me/api/portraits/women/35.jpg,https://randomuser.me/api/portraits/med/women/35.jpg,https://randomuser.me/api/portraits/thumb/women/35.jpg,GB
female,ms,nicole,bell,8930 stevens creek blvd,yonkers,massachusetts,14608,nicole.bell@example.com,organicgorilla401,stewart,XcjGYenL,c9f40027f82e4eda82e8e75ac642ca34,811304fe32917c9dcc2c674c8c1b03f0bd5b5e39,bb796403da4a4b1ae0ae2ccaae5cfe992a52ec4c00ae249c1f5851402a1a983c,1984-04-04 01:20:00,2015-09-29 18:20:48,(021)-448-7843,(600)-881-6265,SSN,661-20-9907,https://randomuser.me/api/portraits/women/17.jpg,https://randomuser.me/api/portraits/med/women/17.jpg,https://randomuser.me/api/portraits/thumb/women/17.jpg,US
female,mrs,bianca,hanke,4311 wiesenweg,schwabach,hamburg,62451,bianca.hanke@example.com,tinydog292,hong,40l7BvLD,99f0c5e2d391d17e3bbc54dab13a53cd,ff65e8943b497f5f4333eeed9f9ecb40a48edb72,89e9f12f47db0a4b48e2d5a01f34edbc8eff87f85a04bd8ac4b9f8ae9500e747,1969-04-05 21:42:29,2009-04-19 23:02:44,0562-0843832,0171-3505906,,,https://randomuser.me/api/portraits/women/13.jpg,https://randomuser.me/api/portraits/med/women/13.jpg,https://randomuser.me/api/portraits/thumb/women/13.jpg,DE
female,mrs,lauren,dunn,2545 highfield road,salisbury,south glamorgan,QX2 2JD,lauren.dunn@example.com,crazyelephant237,sniper,cHcUhAqt,4f56518b18f6add265b9f5e62122334e,d3b9040b0fe0d08026b5603631bc7f6a413e396d,e85fe265d2c13a86772d883d7df8a5b991f7f06e9d8509146256f44811743250,1953-02-13 13:43:18,2010-06-23 14:29:47,016977 27597,0713-322-268,NINO,YJ 69 38 42 A,https://randomuser.me/api/portraits/women/14.jpg,https://randomuser.me/api/portraits/med/women/14.jpg,https://randomuser.me/api/portraits/thumb/women/14.jpg,GB
male,mr,jar,stevens,1799 plum st,moscow,west virginia,87916,jar.stevens@example.com,brownbutterfly365,myrtle,a9nWzlwY,a52c3dfbc5bc6fb98057c7e9d35e673e,bc8231a0fa0558c927d1c6ab187648d0ea0f22e1,f37c2999aaf1a7c900b0a48d4352497fd4de707b8a46b0b04314148b4eb81ad4,1949-12-27 16:09:22,2016-03-02 13:23:16,(159)-079-0286,(540)-858-0280,SSN,455-92-0800,https://randomuser.me/api/portraits/men/1.jpg,https://randomuser.me/api/portraits/med/men/1.jpg,https://randomuser.me/api/portraits/thumb/men/1.jpg,US
female,mrs,lydia,caldwell,5627 w sherman dr,gilbert,new mexico,64998,lydia.caldwell@example.com,bluefrog540,anfield,369r2esE,d874b8e51da99af3cab0c71a648867f0,024f163e16a3293e992ffee16f60938e9eca14e8,514c6c79bd0ff23eb9e8153689a01d895cd8ccb74187ac593ca68cc68d1489a0,1958-08-22 16:22:41,2008-01-03 15:42:52,(751)-530-1645,(567)-471-0471,SSN,316-78-9765,https://randomuser.me/api/portraits/women/50.jpg,https://randomuser.me/api/portraits/med/women/50.jpg,https://randomuser.me/api/portraits/thumb/women/50.jpg,US
male,mr,benjamin,bischoff,5820 schlossstraße,haßberge,rheinland-pfalz,87969,benjamin.bischoff@example.com,goldengoose456,boston,0iYhBwR6,f07dc9dee83f1a58b2a33aa39368fd62,703a2899d54b1743861ccac02739a6b2696ea62d,9eadfae2e1b95c7a5785238391b790fde46b97144a18f8744d495e6c2bf4355f,1952-03-22 22:53:40,2004-04-20 01:27:17,0765-3583074,0172-4573459,,,https://randomuser.me/api/portraits/men/51.jpg,https://randomuser.me/api/portraits/med/men/51.jpg,https://randomuser.me/api/portraits/thumb/men/51.jpg,DE